59d7662259e869837b24cafc00825b031bc28e60,MODIFY,regular-file,.gitignore,1470,22
5cbb92590e59b99753a21a49e0c29e9337534e3b,MODIFY,regular-file,Makefile,1782,5-7
0bc444ac658f1b97bc4fd71d68805efa626bf9f0,MODIFY,regular-file,archive/keepalive/README.md,2167,43;62
a6185f00c7197b96b0462daad21e55ca9ea2c539,MODIFY,executable,archive/keepalive/keep_api_warm.py,6793,155-156
9132a79850727f3d20647587ba75e694e8cb1eb9,MODIFY,executable,archive/keepalive/keep_api_warm_simple.py,2060,61
27cb8181eda921c5b31f8d40a6336aeebd73437a,MODIFY,executable,archive/keepalive/start_keepalive.sh,2085,9
7650a6a3c5bd555e98e979e6d79a39368980fa5a,MODIFY,regular-file,backend/monitoring/production_monitoring.py,21273,426;428;536;538
50148fda5bcc0d18968e36de83bc3e1552340d39,MODIFY,regular-file,backend/shared/utils/ngrok_discovery.py,3450,89
1f7826ff631f0012afa39a2298ec2113dace125c,MODIFY,regular-file,backend/testing/cloud_deployment/phase1_validator.py,36507,62;67;752;813;867;906
dccf39f82021c2377c7ff0a16de6e1900b203cdb,MODIFY,regular-file,backend/testing/cloud_deployment/phase2_integration_validator.py,27948,90;92
8608c2677ebfe7ff72540eb115e8d589b7d4713d,MODIFY,regular-file,backend/testing/cloud_deployment/phase2_performance_monitor.py,21789,117;119
4477b6495f2729f4572a316f572b8a3da2723830,MODIFY,regular-file,backend/testing/cloud_deployment/phase3_accessibility_validator.py,22793,539-540
dae7e7b8e524f2d756ac133e4b06094dadd1d457,MODIFY,regular-file,backend/testing/cloud_deployment/phase3_security_validator.py,21889,575-576
bc4c2eb3da3cdd1d99835659153be4551903fda9,MODIFY,regular-file,backend/testing/cloud_deployment/phase4_production_validator.py,17999,450;452
5615accb179cce87f2e148ee4061da2d10a75de3,MODIFY,regular-file,backend/workers/enhanced_base_worker.py,88754,691;697
5ba9377fbb7b466b27ff4439e6319a54bc593ccc,MODIFY,regular-file,config/ENVIRONMENT_CONFIGURATION_GUIDE.md,8873,69;73-74;102;106-107
f35c42e02e3350214adfd9865bd77f0d0bc8d829,MODIFY,regular-file,config/environment/staging.yaml,1936,51
b1c2e7c8cc2faefe3ef455764b136eab6f3dcd0d,MODIFY,regular-file,config/monitoring/cloud_monitoring.yaml,7263,52
79635911cca4ec06dd8fa76932ee524a235fbb82,MODIFY,regular-file,config/render-upload-pipeline-worker.yaml,1992,40;42
942e4d68ea9e2c4e5c87bd8835425fa24033c6ef,MODIFY,regular-file,config/render-upload-pipeline.yaml,2072,26
22ac1bb98b8160af551188808c2bec88872f08e9,MODIFY,regular-file,config/render/README.md,2211,18;24;47;51
db9e978ad62aa1b3d59233775401e53055a57c63,MODIFY,regular-file,config/render/render.first-deploy.yaml,1477,41
a60152b4f2108a53ca002e0d5b7cc418224b5d41,MODIFY,regular-file,config/render/render.free-tier.yaml,1664,42
b8a9a55295263ebcaa91f5ab6f5e37e265fa379e,MODIFY,regular-file,config/render/render.staging.yaml,3510,48;109;111
84957f65f793bfdce29e5f9dbd39c500d71fa470,MODIFY,regular-file,config/render/render.yaml,3340,45;102;104
24b17a40442db4d6d5ceb28d569386e9bef9e842,MODIFY,regular-file,db/docs/plans/1_setup_plan.md,3492,23
15fe61f3dbd4d03e63f757ae0b19b0f9904ff563,MODIFY,regular-file,docs/ENVIRONMENT_STRATEGY.md,6273,34-35;48-49;129-130;134-135;149-150;153-154;199;203
ce0c1828ee3b5775844c035bdf8eadd3ad1fd3e7,MODIFY,regular-file,docs/debug/CHAT_INTERFACE_DEBUG_PROMPT.md,3179,12
25b01de184b0f1b042e2610693f4ca22fd027edf,MODIFY,regular-file,docs/deployment/CORS_MANAGEMENT.md,7636,26;150;180;187
a3716f24dd2ba2a97bc643d4ec76ad174efe0586,MODIFY,regular-file,docs/deployment/MEDICARE_NAVIGATOR_DEPLOYMENT_GUIDE.md,7360,175
e2b151cc9b34851d2c37f09f1ef66ab082d29645,MODIFY,regular-file,docs/development/COMMIT_TIMELINE_ANALYSIS.md,14644,347
d28bcfff8e9569de943c36233ba150097ceb4aa5,MODIFY,regular-file,docs/environment-configuration/ENVIRONMENT_CONFIGURATION_README.md,9446,146;150-151;170;174-175
28eaf0aa37deb66bab7f4d210352586b290bf99d,MODIFY,regular-file,docs/fm_027/FM027_HANDOFF_PROMPT.md,6638,70;126;131;177-178
5041a61d9fbff76141dc80d4595f6508edbcfe7f,MODIFY,regular-file,docs/fm_027/FM027_LOCAL_REPLICATION_PROMPT.md,9780,37;217
a18937541e2744a2a9ccbb8c5fe0b11a5a57a2a9,MODIFY,regular-file,docs/fm_027/FM027_NEW_ERROR_ANALYSIS.md,4095,19
39e0d4c1500d40cdee7267174bee7f5f610a8b8a,MODIFY,regular-file,docs/fm_027/repro_validation.log,2124,4;6;16
86fcf5e447af71334013c3d36d05e71aa3f44544,MODIFY,regular-file,docs/fm_027/test_actual_file_access.py,2513,14;16
36e8d76950a65c80425a9e46cb834075ce5de08b,MODIFY,regular-file,docs/fm_027/test_complete_flow_simulation.py,4937,64-66
ddd53fe5e997496a7717a93ec16e82abe4a1042e,MODIFY,regular-file,docs/fm_027/test_fm027_fix.py,6951,108;111;122
50d6a15baf8b23d03e1f58ecbcaa8eae11afbd18,MODIFY,regular-file,docs/fm_027/test_fm027_race_condition_reproduction.py,46287,32
64f15568053e5636756ee8ae95ba450cb2cd01e2,MODIFY,regular-file,docs/fm_027/test_fm027_simple_timing.py,22971,33
5a728d07b0924b2167c3f5c68d9d7fa2a8cd6248,MODIFY,regular-file,docs/fm_027/test_fm027_staging_investigation.py,22275,433
869593d5aabb132fc858029af87fcbf9605b602a,MODIFY,regular-file,docs/fm_027/test_fm027_timing_investigation.py,42100,15;43-44
109669d835f4d4a9f4ab592c7c295c03aecbca46,MODIFY,regular-file,docs/fm_027/test_fm027_validation.py,5906,46;49;60
af5a518358289373684bc8219f1f8ff3c73d9494,MODIFY,regular-file,docs/fm_027/test_list_storage_files.py,8160,19;21
93387d502f5847095d9046a1c2727cd2b9ad633a,MODIFY,regular-file,docs/fm_027/test_storage_manager_debug.py,3117,29-31
020eedb4b6d92dd7e4bbc6a2cc0c5a64903ae62d,MODIFY,regular-file,docs/fm_027/test_storage_manager_vs_direct.py,3226,31;33;69
a8ad1e2aa0f648114364762f419eaadd91d3a6fd,MODIFY,regular-file,docs/incidents/fm_020/docs/FRACAS_FM_020_SCRAM_AUTHENTICATION_FAILURE.md,11611,92
108e8781461e8be4dfd054538445e4068b04f118,MODIFY,regular-file,docs/incidents/fm_027/INV-20251001.md,12798,56-58;93;95-96
974879fbef5ea63a1bad7c5ca035091f1a916b2c,MODIFY,regular-file,docs/incidents/fm_027/PROMPT-executor.md,10828,44-46
20bba868eefd6acc6e1270d8666a0b54a9782905,MODIFY,regular-file,docs/incidents/fm_027/investigations/INV-AUTH-20251001.md,16054,113
231bc441e60e2e459f79e7e55774d30ad9669117,MODIFY,regular-file,docs/incidents/fm_028/README.md,2548,22
a875fd40e7755fe2ae9d79ad68a5a390b0ed260d,MODIFY,regular-file,docs/initiatives/agents/integration/phase3/rca/202509100800_rag_conformance/rca001.md,35281,23-24;31-32;37-40;43-44;47-48;50;56-57
f29eef5d82b476c6076e438ee02ff4e79e67e6e4,MODIFY,regular-file,docs/initiatives/agents/integration/phase3/rca/20250915_comprehensive_refactor/manual_testing/FAILURE_MODES_LOG.md,96337,299
d64c02fba323f3c5c3251053dc0b1523912dc254,MODIFY,regular-file,docs/initiatives/deployment/20250918_mvp_production_deployment/fracas/FM_005_missing_requests_module.md,6974,185
bcc2e1286a8e844ddf745541f2825715e539adad,MODIFY,regular-file,docs/initiatives/deployment/20250918_mvp_production_deployment/fracas/FM_008_silent_error_analysis.md,9029,122;221
dcad20155eab67e823d1e795baa2fb4c8c85fd49,MODIFY,regular-file,docs/initiatives/deployment/20250918_mvp_production_deployment/fracas/FM_009_webhook_url_persistent_failure.md,3916,88
c8a85a6163e9e228b969c6307b5157696c1b578d,MODIFY,regular-file,docs/initiatives/deployment/20250918_mvp_production_deployment/fracas/FM_011_RESOLUTION_SUMMARY.md,4832,38
21d9d5ff8c28313a50c670b86081262ecbb91207,MODIFY,regular-file,docs/initiatives/deployment/20250918_mvp_production_deployment/fracas/FM_011_worker_storage_and_fallback_failure.md,6915,26;30;50;152
75b9ec1cb44b14274bc9ce613311f7558142a8b1,MODIFY,regular-file,docs/initiatives/deployment/20250918_mvp_production_deployment/fracas/FM_015_INVESTIGATION_SUMMARY.md,7424,114;116
6473c4fc40bbc4d5ffdf1d502e7c16922bac92e3,MODIFY,regular-file,docs/initiatives/deployment/20250918_mvp_production_deployment/fracas/FRACAS_build_failures.md,16186,37;268;273
70e0eb4488e3ddbfb11d06735f32aeeec590c4f3,MODIFY,regular-file,docs/initiatives/deployment/20250918_mvp_production_deployment/fracas/INVESTIGATION_PROMPT_FM_011.md,9576,53;63;78
64d2a874faa954437793433415c78eb702a0a4e6,MODIFY,regular-file,docs/initiatives/deployment/20250918_mvp_production_deployment/fracas/INVESTIGATION_PROMPT_FM_012.md,7308,51;96-98;102;134;141
6c8a869cc2b5a7719eb1b5e03c6ac0c2652206bb,MODIFY,regular-file,docs/initiatives/deployment/20250918_mvp_production_deployment/fracas/INVESTIGATION_PROMPT_FM_014.md,5941,47
771161383dc25a1bde8183ec0bd79b8433f21ec3,MODIFY,regular-file,docs/initiatives/deployment/20250918_mvp_production_deployment/handoff/API_503_CORS_handoff.md,6877,34;40-41;50-51
2fc4650d84d5568ebf990d8d83fad268283e26b5,MODIFY,regular-file,docs/initiatives/devops/environment_management/ENVIRONMENT_MANAGEMENT.md,12850,111;134;141-142
0991d7b188b7117ffea6bce3decc100139086f62,MODIFY,regular-file,docs/initiatives/devops/environment_management/infrastructure_setup/configuration_management/PHASE_5_COMPLETION_SUMMARY.md,8880,62
bb041a683168d0378dac2deae565282e97ce9b53,MODIFY,regular-file,docs/initiatives/devops/environment_management/infrastructure_setup/configuration_management/PHASE_5_FINAL_STATUS.md,8700,87;101
ac7cd2342c07cd6d567f6a32f584ce5ee2406d62,MODIFY,regular-file,docs/initiatives/devops/environment_management/infrastructure_setup/configuration_management/STAGING_ENVIRONMENT_CONFIGURATION.md,12197,89;255
9039d3c7e264a128eec64ce9b38b13172567259f,MODIFY,regular-file,docs/initiatives/devops/environment_management/infrastructure_setup/configuration_management/STAGING_ENVIRONMENT_VARIABLES_TEMPLATE.md,8590,97;191
e96831486fcf3c33ed6a55c3e0de2df7556b6ad5,MODIFY,regular-file,docs/initiatives/devops/environment_management/infrastructure_setup/configuration_management/STAGING_SERVICE_COMMUNICATION_CONFIG.md,7010,31;48;71;83;154
998130b9a23f064c4339b642315a695c74c143fc,MODIFY,regular-file,docs/initiatives/devops/environment_management/infrastructure_setup/configuration_management/STAGING_SERVICE_SPECIFICATIONS.md,11378,91
f2caec62a4403a1386b88e76f9993c815d67eb51,MODIFY,regular-file,docs/initiatives/devops/environment_management/infrastructure_setup/configuration_management/environment_setup/DEVELOPMENT_ENVIRONMENT_SETUP_PROMPT.md,7546,53
a66ab191157358c8ecde75528d06c79209d5fc3b,MODIFY,regular-file,docs/initiatives/devops/environment_management/infrastructure_setup/configuration_management/environment_setup/DEVELOPMENT_PIPELINE_TEST_RESULTS.md,3683,47;65
d28bcfff8e9569de943c36233ba150097ceb4aa5,MODIFY,regular-file,docs/initiatives/devops/environment_management/infrastructure_setup/configuration_management/environment_setup/ENVIRONMENT_CONFIGURATION_README.md,9446,146;150-151;170;174-175
db49d442260657e55b9232eec8c3ac928fda9508,MODIFY,regular-file,docs/initiatives/devops/environment_management/infrastructure_setup/service_replication/RENDER_SERVICES_AUDIT.md,10759,18
ea899792ae6649efd99f2e327a58f72501049c0d,MODIFY,regular-file,docs/initiatives/devops/environment_management/infrastructure_setup/validation_procedures/E2E_TESTING_STAGING_CORRECTED_REPORT.md,5767,10;28;39;59-60;69;86;101;111;124
ddc21b9757d61e8aa12e57b50dc9fc6d34adbcab,MODIFY,regular-file,docs/initiatives/devops/environment_management/infrastructure_setup/validation_procedures/ENDPOINT_CLEANUP_AND_SYNC_COMPLETE.md,4851,48;52;59;63
83a75e6fcf41bcc2394cd38f8b2815bfe62e86b5,MODIFY,regular-file,docs/initiatives/devops/environment_management/infrastructure_setup/validation_procedures/PHASE_3_COMPLETION_REPORT.md,7263,23
2aa0ce81335f0bfc8e81fa3ebcf80ebe51b2dd21,MODIFY,regular-file,docs/initiatives/devops/environment_management/infrastructure_setup/validation_procedures/PRODUCTION_VS_STAGING_UPLOAD_COMPARISON.md,7262,20;35;54;65;72;83
7b65abeef3130488fc4be08faf1bf313eef8121c,MODIFY,regular-file,docs/initiatives/devops/environment_management/infrastructure_setup/validation_procedures/RAG_PYDANTIC_FIX_PROMPT.md,5630,11
45fe012d60695015c03fa011b7816a5aea1e1deb,MODIFY,regular-file,docs/initiatives/devops/environment_management/infrastructure_setup/validation_procedures/STAGING_COMMUNICATION_VALIDATION.md,8122,32;138;265
d2f7260d4367ee0315df3d5a7779bf1279a8d8c2,MODIFY,regular-file,docs/initiatives/devops/environment_management/infrastructure_setup/validation_procedures/STAGING_SUPABASE_MIGRATION_STATUS.md,3220,12;53;57
336f855dc5ac4f8744605714be4a42b32e32b215,MODIFY,regular-file,docs/initiatives/devops/environment_management/infrastructure_setup/validation_procedures/STAGING_SUPABASE_MIGRATION_SUCCESS.md,5020,69;88
1f954f831e64d4106650ad057515d9ab4df98c82,MODIFY,regular-file,docs/initiatives/devops/environment_management/infrastructure_setup/validation_procedures/STAGING_SUPABASE_SETUP_COMPLETE.md,5463,14;37;43;70;73;78;113;117
aeabc9e8816031d54e31cd91561b10f14868dd71,MODIFY,regular-file,docs/initiatives/devops/environment_management/infrastructure_setup/validation_procedures/STAGING_SUPABASE_SETUP_GUIDE.md,3999,12;67;71
311590d89a2d98708242b998fc3c9405766efc88,MODIFY,regular-file,docs/initiatives/devops/environment_management/infrastructure_setup/validation_procedures/STAGING_TIMEOUT_INVESTIGATION.md,8665,106
e506c594e6183257d5a288bc7dc3728589e6c4dc,MODIFY,regular-file,docs/initiatives/devops/environment_management/infrastructure_setup/validation_procedures/STAGING_WORKER_CONFORMANCE_TEST.md,7258,35
7fd713b55013665cb56e75efc7daf58d74ff6e14,MODIFY,regular-file,docs/initiatives/devops/environment_management/infrastructure_setup/validation_procedures/WEBHOOK_FAILURE_INVESTIGATION.md,8764,37
15ae18aa2c8e2f673dbc366135634fec04dd1486,MODIFY,regular-file,docs/initiatives/devops/environment_management/infrastructure_setup/validation_procedures/phase_reports/PHASE3_FINAL_REPORT.md,6590,22;120
469baf3629c0c8287a25f7a2feecbcbbae9d72a0,MODIFY,regular-file,docs/initiatives/devops/environment_management/infrastructure_setup/validation_procedures/phase_reports/PHASE_C_LOCAL_PROD_TESTING_SUMMARY.md,9643,64;104
76750c61278a00b4f122d977121000d1eb79d9d8,MODIFY,regular-file,docs/initiatives/devops/environment_management/infrastructure_setup/validation_procedures/phase_reports/phase3_production_test_results.md,4170,16;28;36
070c8a146c5fc4da942e5ef549c4485f52c89793,MODIFY,regular-file,docs/initiatives/devops/environment_management/infrastructure_setup/validation_procedures/phase_reports/phase_c_local_prod_testing_guide.md,9959,16;109
44ed6bc1687f4987c50e225a8fcb255bfc5e7419,MODIFY,regular-file,docs/initiatives/devops/environment_management/sync_validation/HANDOFF_DOCUMENTATION.md,11852,48;53;117;143-145;151;158-160;250
6e77177c349fa82d9d3562c67e3f2d1b8d270f2c,MODIFY,regular-file,docs/initiatives/devops/environment_management/sync_validation/MANUAL_TESTING_PACKAGE.md,9140,15-16;19-20;44;50
08007c67bf69c4df82ba1f416f00764e94f6bff0,MODIFY,regular-file,docs/initiatives/devops/environment_management/sync_validation/PHASE_4_COMPLETION_SUMMARY.md,7965,33-34;85;143-144
372e4e558f90fdd17693424513f9ca33b69bf7dd,MODIFY,regular-file,docs/initiatives/devops/environment_management/sync_validation/PHASE_4_VALIDATION_REPORT.md,8370,44;50;62;86;218-219
06b12699308657a856d4923ff9d2fda63709555f,MODIFY,regular-file,docs/initiatives/devops/environment_management/sync_validation/phase3_execution/scripts/phase_c_local_backend_production_supabase.py,31101,57
4b2f986beb3ae9845cad4de578d55949a276a581,MODIFY,regular-file,docs/initiatives/devops/environment_management/sync_validation/phase3_execution/scripts/test_phase3_comprehensive_validation.py,18951,31
24fdc576a46e1b873b1c840d048c8b2a8fe0d66d,MODIFY,regular-file,docs/initiatives/devops/environment_management/sync_validation/phase3_execution/scripts/test_phase3_end_to_end_processing.py,21217,29
f439b3612a42de43e8e57e01113ba3c8e5f52fa2,MODIFY,regular-file,docs/initiatives/devops/environment_management/sync_validation/phase3_execution/test_results/phase3_production_full_workflow_results_1757376488.json,3602,6;25
8dd19378846f0071ca339c34f6f9d914a9748b9c,MODIFY,regular-file,docs/initiatives/devops/environment_management/sync_validation/phase3_execution/test_results/phase3_production_pipeline_results_1757376287.json,3301,6;25
ad1d001d014314936785065bd80b2408a5005621,MODIFY,regular-file,docs/initiatives/devops/environment_management/sync_validation/phase3_execution/test_results/phase3_production_real_user_results_1757376371.json,3801,4
e5c1ab4be4916ab390582f51b0e2ce9ea220dae5,MODIFY,regular-file,docs/initiatives/system/upload_refactor/003/TODO003_phase6_handoff.md,13695,328
b2d832d5e2d8149731f638925d96002d70ad9609,MODIFY,regular-file,docs/initiatives/system/upload_refactor/003/deployment/001/ENVIRONMENT_VARIABLES_FIX_PLAN.md,5681,18;24;39;45;75;79;95;99;139
59581938a5fd86d87c741d6e8f2631a08c0755c8,MODIFY,regular-file,docs/initiatives/system/upload_refactor/003/deployment/001/PHASE1_SUMMARY.md,8391,30;32
5485fdec51f9de1ae7000432cf04e7bf29034c5e,MODIFY,regular-file,docs/initiatives/system/upload_refactor/003/deployment/001/TODO001.md,44182,52
a67b948538c0109a078e68820694b75b8f84d117,MODIFY,regular-file,docs/initiatives/system/upload_refactor/003/deployment/001/phase1/DEPLOYMENT_ARCHITECTURE.md,11751,44;75;92;94;99;111
c7229a3041bc285ff69c2f0e60678db422b71611,MODIFY,regular-file,docs/initiatives/system/upload_refactor/003/deployment/001/phase1/PHASE1_COMPLETION_PLAN.md,4958,22;73;139
6fde9586e8013c2ad6cd38adef7719eaf36e78b2,MODIFY,regular-file,docs/initiatives/system/upload_refactor/003/deployment/001/phase1/PHASE1_COMPLETION_REPORT.md,7183,44;60
574da7f3754006f06f1cd039667278023e1ba9bb,MODIFY,regular-file,docs/initiatives/system/upload_refactor/003/deployment/001/phase1/PHASE1_FINAL_STATUS.md,4971,17;28;39
7aab45b5d9d15aa77b8328497e6cfb8d56422945,MODIFY,regular-file,docs/initiatives/system/upload_refactor/003/deployment/001/phase1/README.md,7177,47;150
1d4e200ce0bd02a21895b13c95504fd52a7067d7,MODIFY,regular-file,docs/initiatives/system/upload_refactor/003/deployment/001/phase1/TESTING_FRAMEWORK.md,12027,116;118;319
93e12f0e005126923c7fd3d35fa62a5d27233452,MODIFY,regular-file,docs/initiatives/system/upload_refactor/003/deployment/001/phase1/TODO001_phase1_decisions.md,13929,322
da5f721501b31d90be6de56c7f80d6ef163b3e1f,MODIFY,regular-file,docs/initiatives/system/upload_refactor/003/deployment/001/phase2/PHASE2_COMPLETION_SUMMARY.md,10864,31;33
0b38e186d132a72bcd30661a7c213dcf5c4028ea,MODIFY,regular-file,docs/initiatives/system/upload_refactor/003/deployment/001/phase3/PHASE3_HANDOFF_SUMMARY.md,10840,134
8c111e54d27758cc98a879e16540815fc8864b71,MODIFY,regular-file,docs/initiatives/system/upload_refactor/003/deployment/workflow_testing/upload_pipeline/phase1/reports/authentication_edge_case_analysis.md,8069,7
df7bf042347aacd8b5642c3db3987a84bc8d46cd,MODIFY,regular-file,docs/initiatives/system/upload_refactor/003/deployment/workflow_testing/upload_pipeline/phase1/reports/cloud_testing_readiness_assessment.md,9486,32
11a07afae8210d6625830c252b756d4501e5f659,MODIFY,regular-file,docs/initiatives/system/upload_refactor/003/deployment/workflow_testing/upload_pipeline/phase1/tests/test_auth_simple.py,6196,26
fa7981aad5e94be3cb0de7d8ba0845111bdd3f48,MODIFY,regular-file,docs/initiatives/system/upload_refactor/003/deployment/workflow_testing/upload_pipeline/phase1/tests/test_cloud_deployment.py,12592,24
18aff3c251043119402bacd167059ea79cdef8e8,MODIFY,regular-file,docs/initiatives/system/upload_refactor/003/deployment/workflow_testing/upload_pipeline/phase1/tests/test_supabase_sandbox.py,1587,26
10d093c20bdad57daab06360614d92d244a90b27,MODIFY,regular-file,docs/initiatives/system/upload_refactor/003/deployment/workflow_testing/upload_pipeline/phase2/reports/phase2_final_completion_report.md,8461,70
491840946ffd70be73a07c0bccc87493d90a211d,MODIFY,regular-file,docs/initiatives/system/upload_refactor/003/deployment/workflow_testing/upload_pipeline/phase2/reports/phase2_parity_report.md,8260,24
1fbebc981326897a72a117dc5bfd82995a909204,MODIFY,regular-file,docs/initiatives/system/upload_refactor/003/deployment/workflow_testing/upload_pipeline/phase2/reports/real_api_pipeline_final_report.md,8566,38
052a95e537f9099ad0c9e61d98eb6f20bdb4b6c9,MODIFY,regular-file,docs/initiatives/system/upload_refactor/003/deployment/workflow_testing/upload_pipeline/phase2/results/complete_webhook_pipeline_test_complete_webhook_1757193485.json,2316,14
6d83eb86fcd54f6a9209a4de0e341035b5c4a7ed,MODIFY,regular-file,docs/initiatives/system/upload_refactor/003/deployment/workflow_testing/upload_pipeline/phase2/results/complete_webhook_pipeline_test_complete_webhook_1757193551.json,2161,14
880a9b1c4818de0ddcef7ab01a0f9a0e112fc768,MODIFY,regular-file,docs/initiatives/system/upload_refactor/003/deployment/workflow_testing/upload_pipeline/phase2/results/phase2_completion_fixes_phase2_completion_1757192624.json,2059,14
a8c93fccc5306ab375cb20e284b2c2ab38182bf1,MODIFY,regular-file,docs/initiatives/system/upload_refactor/003/deployment/workflow_testing/upload_pipeline/phase2/results/simplified_real_api_test_simplified_real_api_1757192962.json,41655,14
00ad7c42a0d872e678a5e2708c89efc7eba14f38,MODIFY,regular-file,docs/initiatives/system/upload_refactor/003/deployment/workflow_testing/upload_pipeline/phase2/results/simplified_real_api_test_simplified_real_api_1757192978.json,41461,14
fd9d1a603387a660368455e39f1cacf69633f1a7,MODIFY,regular-file,docs/initiatives/system/upload_refactor/003/deployment/workflow_testing/upload_pipeline/phase2/results/simplified_real_api_test_simplified_real_api_1757192991.json,41754,14
fe66cd78e180d8ba564a922b637e504711dd73d2,MODIFY,regular-file,docs/initiatives/system/upload_refactor/003/deployment/workflow_testing/upload_pipeline/phase2/results/simplified_real_api_test_simplified_real_api_1757193007.json,41599,14
7b8819790aa8f7b817b9c650fdf09014d7de2f71,MODIFY,regular-file,docs/initiatives/system/upload_refactor/003/deployment/workflow_testing/upload_pipeline/phase2/tests/phase2_production_test.py,19585,33
cf53b50738baeae311cf3270b8fb017e32eeb22e,MODIFY,regular-file,docs/initiatives/system/upload_refactor/003/deployment/workflow_testing/upload_pipeline/phase3/playwright_tests/README.md,4233,22;27;30
5616575c29b22c8e1cdd7aaefc746e6a4709a496,MODIFY,regular-file,docs/initiatives/system/upload_refactor/003/deployment/workflow_testing/upload_pipeline/phase3/playwright_tests/frontend-upload-test.spec.ts,9944,8
42c85b01054428fdc7ee2585ba46d9c941577140,MODIFY,executable,docs/initiatives/system/upload_refactor/003/deployment/workflow_testing/upload_pipeline/phase3/playwright_tests/run-frontend-tests.sh,1517,12;14-15
2d4cbcf36db2e92db026a96fd9a52d0ad6543017,MODIFY,regular-file,docs/initiatives/system/upload_refactor/003/deployment/workflow_testing/upload_pipeline/phase3/playwright_tests/setup-verification.spec.ts,2479,17
1b4c331c56870b81b0472e745d1a9a6503ad46c5,MODIFY,regular-file,docs/initiatives/system/upload_refactor/003/deployment/workflow_testing/upload_pipeline/phase3/reports/PHASE3_CLOUD_DEPLOYMENT_REPORT.md,9246,7;31
15b04e16f8f636613a73c5b04d86be7db4569904,MODIFY,regular-file,docs/initiatives/system/upload_refactor/003/deployment/workflow_testing/upload_pipeline/phase3/reports/PHASE3_FINAL_SUMMARY.md,14468,7;75
2593732a32ab1211eba85284dc344818dbe19ce5,MODIFY,regular-file,docs/initiatives/system/upload_refactor/003/deployment/workflow_testing/upload_pipeline/phase3/reports/PHASE3_SIMPLIFIED_APPROACH_REPORT.md,5823,13
d65bdd884dc3260c13b9fe6c2818a50e06fc6c58,MODIFY,regular-file,docs/initiatives/system/upload_refactor/003/deployment/workflow_testing/upload_pipeline/phase3/results/phase3_cloud_test_results_1757195648.json,1357,4
48f30914ccc807a7054d1aaa55b368489cfafcdf,MODIFY,regular-file,docs/initiatives/system/upload_refactor/003/deployment/workflow_testing/upload_pipeline/phase3/results/phase3_current_api_test_results_1757195713.json,2338,4
29d85c8ff057feea9728c10f14b11998e9772967,MODIFY,regular-file,docs/initiatives/system/upload_refactor/003/deployment/workflow_testing/upload_pipeline/phase3/results/phase3_frontend_client_simulation_1757257929.json,589,4
b13c76b731f214d91ebdf721bf69d238374b550c,MODIFY,regular-file,docs/initiatives/system/upload_refactor/003/deployment/workflow_testing/upload_pipeline/phase3/results/phase3_frontend_client_simulation_1757259581.json,1428,4
df0745305181ef592ff5e9d67f51b2ac384c337f,MODIFY,regular-file,docs/initiatives/system/upload_refactor/003/deployment/workflow_testing/upload_pipeline/phase3/test_files/phase3_api_endpoint_test.py,9095,21
601d9881a26bace056205da05488431c09d852b2,MODIFY,regular-file,docs/initiatives/system/upload_refactor/003/deployment/workflow_testing/upload_pipeline/phase3/test_files/phase3_cloud_test.py,11859,15;34
34025803566c0050a4ef784f8b310bcc14c5a7d0,MODIFY,regular-file,docs/initiatives/system/upload_refactor/003/deployment/workflow_testing/upload_pipeline/phase3/test_files/phase3_complete_database_flow_test.py,19688,33
a86d66cec0e84802dc8e0a1812cc3e7cb8fe36b6,MODIFY,regular-file,docs/initiatives/system/upload_refactor/003/deployment/workflow_testing/upload_pipeline/phase3/test_files/phase3_complete_end_to_end_test.py,16132,21
a792b39d666c0364fcf82414b33b98c6954732f6,MODIFY,regular-file,docs/initiatives/system/upload_refactor/003/deployment/workflow_testing/upload_pipeline/phase3/test_files/phase3_complete_workflow_demo.py,12559,21
5b04919167fb05494df8f62e1ee08102fed45432,MODIFY,executable,docs/initiatives/system/upload_refactor/003/deployment/workflow_testing/upload_pipeline/phase3/test_files/phase3_comprehensive_pipeline_test.py,31306,30;138
3971556077e8e70b223abdd29fb52decc6559800,MODIFY,regular-file,docs/initiatives/system/upload_refactor/003/deployment/workflow_testing/upload_pipeline/phase3/test_files/phase3_comprehensive_workflow_test.py,11368,21
ce6a80fbbbb1643e4d1cc3ce56db901ab02fb6c7,MODIFY,regular-file,docs/initiatives/system/upload_refactor/003/deployment/workflow_testing/upload_pipeline/phase3/test_files/phase3_concept_demo.py,5769,115-116
2eb656a0f656444961048e051afb0820d5260e80,MODIFY,regular-file,docs/initiatives/system/upload_refactor/003/deployment/workflow_testing/upload_pipeline/phase3/test_files/phase3_corrected_flow_test.py,25219,32;467
0a37d21e104790d7da7082874271e82b981e883a,MODIFY,regular-file,docs/initiatives/system/upload_refactor/003/deployment/workflow_testing/upload_pipeline/phase3/test_files/phase3_corrected_frontend_test.py,8805,23
39dd387fe0a5ab54ea7d85e874056ec607ab9bd2,MODIFY,regular-file,docs/initiatives/system/upload_refactor/003/deployment/workflow_testing/upload_pipeline/phase3/test_files/phase3_final_api_test.py,11981,21
9d55e9662a5dc0593c2e6061c89ff30b760c192d,MODIFY,regular-file,docs/initiatives/system/upload_refactor/003/deployment/workflow_testing/upload_pipeline/phase3/test_files/phase3_final_comprehensive_test.py,16092,21
aa4d2b2c7f53953f2292d445b897e3b6fedc6264,MODIFY,regular-file,docs/initiatives/system/upload_refactor/003/deployment/workflow_testing/upload_pipeline/phase3/test_files/phase3_final_workflow_test.py,10397,21
46dc9fcaa23799714886b6c611cce0234b760997,MODIFY,regular-file,docs/initiatives/system/upload_refactor/003/deployment/workflow_testing/upload_pipeline/phase3/test_files/phase3_frontend_client_simulation_test.py,20889,30
e5f9fb179800e60522d7029ea4bf9d3c690f1dfb,MODIFY,regular-file,docs/initiatives/system/upload_refactor/003/deployment/workflow_testing/upload_pipeline/phase3/test_files/phase3_simplified_upload_test.py,8487,21
bb11611b75190f9d9f3de1d56ee1929ed363be05,MODIFY,regular-file,docs/initiatives/system/upload_refactor/003/deployment/workflow_testing/upload_pipeline/phase3/test_files/phase3_updated_pipeline_test.py,20143,30;118
83c48a3e96b721d20c6d86c3389b546e3775c2e6,MODIFY,regular-file,docs/initiatives/system/upload_refactor/003/deployment/workflow_testing/upload_pipeline/phase3/test_files/test_phase3_upload.py,6338,14
c5f677fbc7adc1d3c2abd472fb450a431c62d02d,MODIFY,regular-file,docs/initiatives/system/upload_refactor/003/deployment/workflow_testing/upload_pipeline/phase3/test_files/test_phase3_worker_upload.py,11942,16;38
892c80982475c0ec2b94b9c730ef8d3e193ed7bd,MODIFY,regular-file,docs/initiatives/system/upload_refactor/003/deployment/workflow_testing/upload_pipeline/phase3/tests/phase3_cloud_deployment_test.py,16628,23-24
ccfd2bf2002330a92291024f8a4310d141e39cf9,MODIFY,regular-file,docs/initiatives/system/upload_refactor/003/deployment/workflow_testing/upload_pipeline/phase3/tests/phase3_current_api_test.py,19391,23-24
bf8f668717367607117cf0e87bb8625f64fc01ff,MODIFY,regular-file,docs/initiatives/system/upload_refactor/003/file_testing/TODO001_phase5_decisions.md,20497,102
d36fe1e030ee0bb70706a852eda0683514bcca17,MODIFY,regular-file,docs/monitoring/MONITORING_SETUP_PROCEDURES.md,14406,176;228;322
ceba03cbc8bf326050314dccb884b1f285d69a56,MODIFY,regular-file,docs/operations/ALERT_CONFIGURATION_GUIDE.md,16623,399;410
c3a2ecc981c5a688b508da96edced7d6987b709f,MODIFY,regular-file,docs/operations/ENHANCED_WORKER_INVESTIGATION_SUMMARY.md,6914,58
c51a8d600f2aa68bba7e415edeb2457fc78fc1aa,MODIFY,regular-file,docs/security/cors_management.md,12974,242;245;409
c076c30f731c34a29dade56ab42b0ddd5d5dead4,MODIFY,regular-file,env.production.example,929,5;14-15;18;26
86374a156eae09ea712ab1b8e66bfc0bbc7c659e,MODIFY,regular-file,scripts/accessibility/automated_accessibility_scan.py,20788,496-497
34ea1f360d2aed995ebd8fb456923a5c0cb32101,MODIFY,regular-file,scripts/cloud_deployment/artillery_cloud_config.yml,9472,173;175
3e2fab91a126cb2502d4110d765114800d43a36a,MODIFY,regular-file,scripts/cloud_deployment/cloud_integration_test_20250903_120839.json,4277,6;8
df96486f20cb28e7718299794322e406694c1ada,MODIFY,regular-file,scripts/cloud_deployment/cloud_integration_test_20250903_145814.json,2942,6;8
9c4069c232124b56cd35182a538bf0471b6128ac,MODIFY,regular-file,scripts/cloud_deployment/cloud_integration_test_20250903_150915.json,2942,6;8
4d3fdf0eb7a237c44951d9aeda782fc7498a8a7d,MODIFY,regular-file,scripts/cloud_deployment/cloud_integration_test_20250903_161819.json,4247,6;8
069f2ac23dd5fa9f29dd9e269e54fff5719dc41b,MODIFY,regular-file,scripts/cloud_deployment/cloud_integration_test_20250903_161909.json,4247,6;8
f57c43ac3291eb3abf96cd12177ee005433f4b9d,MODIFY,regular-file,scripts/cloud_deployment/cloud_integration_test_20250925_104236.json,6257,6;8-10
6b395e97b1a09d19e701e25b3c72f6e85ad378ec,MODIFY,regular-file,scripts/cloud_deployment/cloud_integration_tester.py,26687,39
00fdae9a39aa4392bb6ba4bb4313f2a9269d1840,MODIFY,regular-file,scripts/cloud_deployment/deployment_debug_20250903_102724.json,9106,8
ef43b234ed144da1b62b76529dff291188f837e2,MODIFY,regular-file,scripts/cloud_deployment/env_validation_20250903_110717.json,3974,7
ef08f6e7d2c5d709c7521bd17cedaa5f1f390033,MODIFY,regular-file,scripts/cloud_deployment/env_validation_20250903_112606.json,4384,7
693347c7b876ce907f7b0243ac6fb001638b971b,MODIFY,regular-file,scripts/cloud_deployment/improved_deployment_check_20250903_103333.json,6926,8
bdb853aaa75ee15c96a8286967fac3870bd93687,MODIFY,regular-file,scripts/cloud_deployment/improved_deployment_checker.py,20040,39
25b057869476397c72bb77a117e84bc91f13847c,MODIFY,regular-file,scripts/cloud_deployment/phase1_test.py,9236,87;92
6c614582bb1a744274eb043f8427766c79e03f7d,MODIFY,regular-file,scripts/cloud_deployment/phase2_test_suite.py,23765,73;75
bae43b9af74e0839dafe3ca39bcce549aa6c85e5,MODIFY,regular-file,scripts/cloud_deployment/phase3_test_suite.py,10882,35;37
a0032d025aca6e1dd10fbff50aa91a952cddebd8,MODIFY,regular-file,scripts/cloud_deployment/phase3_validation_results_20250903_165902.json,3156,7;9;17;19
38ee50799b53a1a1d671f08aff39ea0f3e54e16b,MODIFY,regular-file,scripts/cloud_deployment/phase3_validation_results_20250903_165919.json,5989,7;9;17;19;100;102
ee67a1bd0aa7f5d96bd43cd939c934929b9cb1cf,MODIFY,regular-file,scripts/cloud_deployment/phase3_validation_results_20250903_170225.json,5989,7;9;17;19;100;102
9b45faa3dcdbcf8b1dd17f8710d168e23315bdde,MODIFY,regular-file,scripts/cloud_deployment/render_build_analysis_20250903_100400.json,3091,7
436375c9f971a8bc736d4cd52218d43983979493,MODIFY,regular-file,scripts/cloud_deployment/render_build_analysis_20250903_102131.json,3266,7
bf414fc8d1814c1e5963b03e887f659dfb64bf80,MODIFY,regular-file,scripts/cloud_deployment/render_build_analyzer.py,19857,41
4ef1f62444e3f79eb94c1a7178848f8bdde8045e,MODIFY,regular-file,scripts/cloud_deployment/service_health_analysis_20250903_103805.json,2973,8
491fccf25fd863cde97fde19105aa119a38e1c38,MODIFY,regular-file,scripts/cloud_deployment/service_health_analyzer.py,20864,43
d425c16a5433011e331b79b5ae6ddbf700997072,MODIFY,regular-file,scripts/cloud_deployment/setup_cloud_environment.py,11454,64
55b18166c2dabf56d41a0196336a8473e9798460,MODIFY,regular-file,scripts/cloud_deployment/validate_environment_variables.py,17431,74
89d75202d23eeb28359e310784e4e13c9622b421,MODIFY,regular-file,scripts/debug/check_production_status.py,3503,17
873cfc22f22f3f595efd731bd33e405f09cca86a,MODIFY,regular-file,scripts/debug/debug_chunk_pipeline.py,8258,22
d1a55a3a9df28803ea7038260134d4f4e5f823b0,MODIFY,regular-file,scripts/debug/debug_signed_url.py,3992,21
8d7ff7ab329c57e5c9c88f18040289e430a7dd66,MODIFY,regular-file,scripts/debug/debug_upload_endpoint.py,5178,21
2d076d7cd419f90fb9455811e171f486e1c86045,MODIFY,regular-file,scripts/demo_local_prod_tests.py,8534,33
e2657dbbf5dc339eff6a9031583d8b3208a61e95,MODIFY,executable,scripts/deploy_workflow_testing_cloud.sh,8803,23
383bb338a565be070e727659fd8de34c01a7f0b9,MODIFY,regular-file,scripts/diagnostics/database_connectivity_fix.py,11260,30;44
c538ac42dfc947eeb294a152db52902b7b50ecd5,MODIFY,regular-file,scripts/document_processing/check-and-fix-jobs.py,5600,27
a8347cc05e1a291004de887ebbe4c309ec782e46,MODIFY,regular-file,scripts/document_processing/process-stuck-document.py,7569,22
462d97e94409adbe2ff982841610c8f7203459f5,MODIFY,regular-file,scripts/document_processing/test-upload-and-monitor.py,4893,27
0f9fdc5b2726ac348a343ce3788d9ccaea5583e1,MODIFY,regular-file,scripts/production/validate_production_readiness.py,10582,46;48
9630989c18a87fc06270f838b11a203442f418a2,MODIFY,executable,scripts/rollback_workflow_testing_cloud.sh,14587,23
41e9cea7e6c5a56211d5ab556922687d1fa568c5,MODIFY,regular-file,scripts/run_phase_c_local_prod_tests.py,5969,54
9325d2b88f0c91dd79fb4f60cdc6251733471a48,MODIFY,regular-file,scripts/run_phase_c_tests.py,8614,52
dad24e6d047d7f4e7f588dd21a4b8cf58a55d2e3,MODIFY,regular-file,scripts/security/run_security_scan.py,9872,267
3aaaab502e63b9fc52b20b6e52a9723ae4ef79b1,MODIFY,executable,scripts/start-staging.sh,2569,26-27
994e872420bd597bbe6c45d9090d6b0a84e8fce2,MODIFY,regular-file,scripts/test_staging_communication.py,16342,29
3af6a4afd2802db9836872d5205fc9a10f5b165a,MODIFY,executable,scripts/testing/phase1-workflow-testing.sh,16895,23
120b4295e5a5552794690b4dd2458741534a6f90,MODIFY,executable,scripts/verify_worker_config.py,5183,50
794f4df00df1c85026fc626a168ad97037dfa2be,MODIFY,executable,tests/agents/integration/phase3/fix_mock_content.py,12192,19
4617d7844faafb6d872a0499b286bc8956ce91a2,MODIFY,regular-file,tests/agents/integration/phase3/phase3_complete_workflow_test.py,15889,32
5c69f424708c24c107af7131465c104a7b3b0c4e,MODIFY,executable,tests/agents/integration/phase3/phase3_comprehensive_validation_test.py,30380,21
d7886b99fa993bcba8b608613eefc24e31ee674b,MODIFY,executable,tests/agents/integration/phase3/phase3_production_deployment_test.py,15800,21
2f94b1d59d6267f8f1269dfd9ae794359b876310,MODIFY,regular-file,tests/agents/integration/phase3/phase3_production_full_workflow_test.py,20351,34
3f1c89d13ef2050fa2d2e591853381285f000412,MODIFY,regular-file,tests/agents/integration/phase3/phase3_production_pipeline_test.py,19127,34
cb0af7b7e4e9f46a7e95ae373dfdbc9b86183b93,MODIFY,regular-file,tests/agents/integration/phase3/phase3_production_real_user_test.py,14952,32
2c0fb142c37b4c7c7261ff42d8230efc5b572c62,MODIFY,regular-file,tests/agents/integration/phase3/phase3_rag_deep_dive_test.py,19348,32
cf35089e7aa0fea944e41d4af96078573b5e0f08,MODIFY,regular-file,tests/agents/integration/phase3/phase3_upload_pipeline_integration_test.py,14938,23
8a8c357984b4a5e0862fdfc8fbe92c642c9b8692,MODIFY,regular-file,tests/agents/integration/phase3/render_deployment_test.py,20065,46
3ebe38f430d0700a1192b89b7585703bf25dd421,MODIFY,executable,tests/agents/integration/phase3/test_production_worker_real_apis.py,8928,20
c91a7e9fc1168f3e5f75bbac4457b3a4d9928f88,MODIFY,executable,tests/agents/integration/phase3/test_psutil_fix.py,6107,18
24acd74a36ccddf3057c9493f5cd03f8ef24d75a,MODIFY,executable,tests/agents/integration/phase3/test_worker_config_verification.py,5483,20
1b6a2ba5316d3f0ade9f0993d305f4395b07576a,MODIFY,executable,tests/agents/integration/phase3/test_worker_real_apis_simple.py,7145,20
ceb7cba61dae2370aa2f24ec316157634d8385dd,MODIFY,regular-file,tests/debug/fm_027/test_flexible_webhook_config.py,7410,40;45;69;71;152
3b8bc46f535ac23588ede069d736a3f7d48fa209,MODIFY,regular-file,tests/debug/fm_027/test_worker_storage_debug.py,4926,53-54
4574dc6149ee975188adc942b31473da85eb30bb,MODIFY,regular-file,tests/debug/test_fm012_fix.py,5365,15;94
0c03e21b2c13a94001147a46eda591234d93d5ff,MODIFY,regular-file,tests/debug/test_llamaparse_webhook_flow.py,14000,27
16c46a1c4865614fd51025b4924872c7c665e873,MODIFY,regular-file,tests/debug/test_pipeline_standardization.py,6655,15
a015137425c93462f4f9553f5188157b938bb684,MODIFY,regular-file,tests/debug/test_staging_upload_simulation.py,5206,16
d5b4c9e0aaa4d3b178500258ec96b7ede5e2cb00,MODIFY,regular-file,tests/debug/test_storage_endpoint_fix.py,5318,14
ace6e7375bdb70c8aa66a69e05b0a1a805850bcd,MODIFY,regular-file,tests/debug/test_storage_workaround.py,2890,14
9090f9b414e372a6d798f11a031a2dca78221cab,MODIFY,regular-file,tests/debug/test_webhook_comprehensive.py,11629,24
a6739e673d9ee519f3aef99df4c222418fef4f6b,MODIFY,regular-file,tests/debug/test_webhook_diagnosis.py,12977,47;258
d0109fe8a23c1083cebb3ea175c2de14ff8c70d2,MODIFY,regular-file,tests/debug/test_webhook_direct.py,5031,16
9f5108dc992d12b6958e9160305b765824799df9,MODIFY,regular-file,tests/debug/test_webhook_production.py,8623,17
a3781e214950fc546655fd3f7a5b2830a43ebc02,MODIFY,regular-file,tests/debug/test_webhook_with_correct_db.py,13294,18
cded824fd8c29e303d56718ffaa20534f08b3228,MODIFY,regular-file,tests/debug/test_worker_path_mismatch.py,6521,15
16c46a1c4865614fd51025b4924872c7c665e873,MODIFY,regular-file,tests/fm_027/test_pipeline_standardization.py,6655,15
d5b4c9e0aaa4d3b178500258ec96b7ede5e2cb00,MODIFY,regular-file,tests/fm_027/test_storage_endpoint_fix.py,5318,14
cded824fd8c29e303d56718ffaa20534f08b3228,MODIFY,regular-file,tests/fm_027/test_worker_path_mismatch.py,6521,15
7545915185853ec784838e848afb5a410969ec9b,MODIFY,regular-file,tests/initiatives/system/upload_refactor/debug_tests/debug_deployment_issues.py,22711,43
8f5ee04a5d9b6357b2b60862f29b4ac371b0450c,MODIFY,regular-file,tests/integration/component_testing_framework.py,23566,94
a015137425c93462f4f9553f5188157b938bb684,MODIFY,regular-file,tests/integration/fm_027/test_staging_upload_simulation.py,5206,16
48685ce4f8902a8f321f907a5fc7b1378fd70c0d,MODIFY,regular-file,tests/integration/phase3/cross_platform_integration_tester.py,30162,39
b371b90b4f4875cb451ef97a36e5ec1bff7517d0,MODIFY,regular-file,tests/integration/phase3/render_platform_tester.py,27108,31
aecaee888fb5c892d051a520b412409ce4eca402,MODIFY,regular-file,tests/test_bulk_refactor_comprehensive_validation.py,25243,27
afdf15910fbdf95c4a21d852bb56c8c1b5d918ce,MODIFY,regular-file,tests/test_bulk_refactor_external_validation.py,28282,26
ba80573be1480f3f869fc958d72b167f0f44eb40,MODIFY,regular-file,tests/test_chunk_generation_with_logging.py,19270,402
595fd72c21235d302f2268da08dd58509a3c63d0,MODIFY,regular-file,tests/test_complete_workflow_validation.py,9751,28
1e3f1fb9f2a5fc5bfbeb5d005e6b0d6b6fe20ad5,MODIFY,regular-file,tests/test_development_full_pipeline.py,12312,23
7c9e58bd62aea2c23ee94adff7819d4e0eb9d280,MODIFY,regular-file,tests/test_direct_database_check.py,4268,20
5ab5af348f10c82a3a2ae4743cfd61fe87778373,MODIFY,regular-file,tests/test_existing_chunks_verification.py,11982,250
7fee1174ac5bb501d255f0682f76d42098b865c8,MODIFY,regular-file,tests/test_manual_frontend_workflow.py,23076,60;82
2561291674630ddba5e0764a0b1c1967bb93bd5c,MODIFY,regular-file,tests/test_phase_c_database_only.py,30162,49
732d63c06096f7baf3e6cf6b5982a0f119b36148,MODIFY,regular-file,tests/test_phase_c_production_cloud.py,44308,51;59
ce916b3f9d6b07c74c4f47064b0318af9062424d,MODIFY,regular-file,tests/test_rag_functionality.py,6341,19
69fdc34803650d2d3c9bd966d50dd87d339ac98f,MODIFY,regular-file,tests/test_rca_validation_quick.py,11999,20
ed53442b0cabaa8ae06f689b1fec2a164c84297b,MODIFY,regular-file,tests/test_simple_chunk_verification.py,6307,22
63457d24e579fbc0d48babb8bb786fce9f37e27a,MODIFY,regular-file,tests/test_upload_pipeline_correct.py,8568,18
64b9863680317f1148c7a8ac0405c5356bf626ff,MODIFY,regular-file,tests/test_upload_pipeline_fix.py,6307,17
cc74779f992db139404bafcfd1cc837279b6750b,MODIFY,regular-file,tests/test_upload_pipeline_rag_integration.py,40124,68;76
9d69f7f5978fb029b817a83b906d91fa09463af3,MODIFY,regular-file,ui/VERCEL_ENVIRONMENT_CONFIG.md,6509,65-67;74-76;85;149;197;203
68603841d5d88066f263e6ad01885ee7bfc4cf4b,MODIFY,regular-file,ui/components/DocumentUploadServerless.tsx,14494,118
b6465fef682ee9cb18b1e9594d8bf80ad1c7ce25,MODIFY,regular-file,ui/env.local.template,1035,10
26a399eea00ccd6c072f38430fdd484b19196342,MODIFY,regular-file,ui/test-auth-fix.js,2739,46
3de01d5772c97f6617a0d2c876ea521a07cc2656,MODIFY,regular-file,ui/vercel.workflow-testing.json,2676,12;26;28-29
a0ce7714415f12676ad7e85243e787e6de69e95b,MODIFY,regular-file,utils/cors_config.py,4567,15
